{"object": {"artifacts": [], "dependencies": [{"basedOn": null, "packageRef": {"identity": "bluesocket", "kind": "remote", "name": "Socket", "path": "https://github.com/Kitura/BlueSocket.git"}, "state": {"checkoutState": {"branch": null, "revision": "dd924c3bc2c1c144c42b8dda3896f1a03115ded4", "version": "2.0.2"}, "name": "checkout"}, "subpath": "BlueSocket"}, {"basedOn": null, "packageRef": {"identity": "swift-argument-parser", "kind": "remote", "name": "swift-argument-parser", "path": "https://github.com/apple/swift-argument-parser"}, "state": {"checkoutState": {"branch": null, "revision": "6b2aa2748a7881eebb9f84fb10c01293e15b52ca", "version": "0.5.0"}, "name": "checkout"}, "subpath": "swift-argument-parser"}]}, "version": 4}