{
  "builtTestProducts" : [
    {
      "binaryPath" : "\/home\/alumnos\/elenadr\/swift\/practicas\/ej1\/.build\/x86_64-unknown-linux-gnu\/debug\/p2PackageTests.xctest",
      "packageName" : "p2",
      "productName" : "p2PackageTests"
    }
  ],
  "copyCommands" : {

  },
  "swiftTargetMap" : {
    "C.ArgumentParser-debug.module" : "ArgumentParser",
    "C.ArgumentParserToolInfo-debug.module" : "ArgumentParserToolInfo",
    "C.BlueSocketTestClient-debug.module" : "BlueSocketTestClient",
    "C.BlueSocketTestCommonLibrary-debug.module" : "BlueSocketTestCommonLibrary",
    "C.BlueSocketTestServer-debug.module" : "BlueSocketTestServer",
    "C.chat-client-debug.module" : "chat-client",
    "C.chat-server-debug.module" : "chat-server",
    "C.ChatMessage-debug.module" : "ChatMessage",
    "C.Collections-debug.module" : "Collections",
    "C.CollectionsTests-debug.module" : "CollectionsTests",
    "C.p2PackageTests-debug.module" : "p2PackageTests",
    "C.QueueTestBench-debug.module" : "QueueTestBench",
    "C.Socket-debug.module" : "Socket",
    "C.StackTestBench-debug.module" : "StackTestBench"
  },
  "testDiscoveryCommands" : {

  }
}