{
  "": {
    "swift-dependencies": "/home/alumnos/elenadr/swift/practicas/ej3/.build/x86_64-unknown-linux-gnu/debug/ej3.build/master.swiftdeps"
  },
  "/home/alumnos/elenadr/swift/practicas/ej3/Sources/ej3/ListQueue.swift": {
    "dependencies": "/home/alumnos/elenadr/swift/practicas/ej3/.build/x86_64-unknown-linux-gnu/debug/ej3.build/ListQueue.d",
    "object": "/home/alumnos/elenadr/swift/practicas/ej3/.build/x86_64-unknown-linux-gnu/debug/ej3.build/ListQueue.swift.o",
    "swiftmodule": "/home/alumnos/elenadr/swift/practicas/ej3/.build/x86_64-unknown-linux-gnu/debug/ej3.build/ListQueue~partial.swiftmodule",
    "swift-dependencies": "/home/alumnos/elenadr/swift/practicas/ej3/.build/x86_64-unknown-linux-gnu/debug/ej3.build/ListQueue.swiftdeps"
  },
  "/home/alumnos/elenadr/swift/practicas/ej3/Sources/ej3/Queue.swift": {
    "dependencies": "/home/alumnos/elenadr/swift/practicas/ej3/.build/x86_64-unknown-linux-gnu/debug/ej3.build/Queue.d",
    "object": "/home/alumnos/elenadr/swift/practicas/ej3/.build/x86_64-unknown-linux-gnu/debug/ej3.build/Queue.swift.o",
    "swiftmodule": "/home/alumnos/elenadr/swift/practicas/ej3/.build/x86_64-unknown-linux-gnu/debug/ej3.build/Queue~partial.swiftmodule",
    "swift-dependencies": "/home/alumnos/elenadr/swift/practicas/ej3/.build/x86_64-unknown-linux-gnu/debug/ej3.build/Queue.swiftdeps"
  },
  "/home/alumnos/elenadr/swift/practicas/ej3/Sources/ej3/main.swift": {
    "dependencies": "/home/alumnos/elenadr/swift/practicas/ej3/.build/x86_64-unknown-linux-gnu/debug/ej3.build/main.d",
    "object": "/home/alumnos/elenadr/swift/practicas/ej3/.build/x86_64-unknown-linux-gnu/debug/ej3.build/main.swift.o",
    "swiftmodule": "/home/alumnos/elenadr/swift/practicas/ej3/.build/x86_64-unknown-linux-gnu/debug/ej3.build/main~partial.swiftmodule",
    "swift-dependencies": "/home/alumnos/elenadr/swift/practicas/ej3/.build/x86_64-unknown-linux-gnu/debug/ej3.build/main.swiftdeps"
  }
}
