{
  "": {
    "swift-dependencies": "/home/alumnos/elenadr/swift/practicas/p1/.build/x86_64-unknown-linux-gnu/debug/chat_server.build/master.swiftdeps"
  },
  "/home/alumnos/elenadr/swift/practicas/p1/Sources/chat-server/Address+Equatable.swift": {
    "dependencies": "/home/alumnos/elenadr/swift/practicas/p1/.build/x86_64-unknown-linux-gnu/debug/chat_server.build/Address+Equatable.d",
    "object": "/home/alumnos/elenadr/swift/practicas/p1/.build/x86_64-unknown-linux-gnu/debug/chat_server.build/Address+Equatable.swift.o",
    "swiftmodule": "/home/alumnos/elenadr/swift/practicas/p1/.build/x86_64-unknown-linux-gnu/debug/chat_server.build/Address+Equatable~partial.swiftmodule",
    "swift-dependencies": "/home/alumnos/elenadr/swift/practicas/p1/.build/x86_64-unknown-linux-gnu/debug/chat_server.build/Address+Equatable.swiftdeps"
  },
  "/home/alumnos/elenadr/swift/practicas/p1/Sources/chat-server/ChatServer.swift": {
    "dependencies": "/home/alumnos/elenadr/swift/practicas/p1/.build/x86_64-unknown-linux-gnu/debug/chat_server.build/ChatServer.d",
    "object": "/home/alumnos/elenadr/swift/practicas/p1/.build/x86_64-unknown-linux-gnu/debug/chat_server.build/ChatServer.swift.o",
    "swiftmodule": "/home/alumnos/elenadr/swift/practicas/p1/.build/x86_64-unknown-linux-gnu/debug/chat_server.build/ChatServer~partial.swiftmodule",
    "swift-dependencies": "/home/alumnos/elenadr/swift/practicas/p1/.build/x86_64-unknown-linux-gnu/debug/chat_server.build/ChatServer.swiftdeps"
  },
  "/home/alumnos/elenadr/swift/practicas/p1/Sources/chat-server/ClientCollection.swift": {
    "dependencies": "/home/alumnos/elenadr/swift/practicas/p1/.build/x86_64-unknown-linux-gnu/debug/chat_server.build/ClientCollection.d",
    "object": "/home/alumnos/elenadr/swift/practicas/p1/.build/x86_64-unknown-linux-gnu/debug/chat_server.build/ClientCollection.swift.o",
    "swiftmodule": "/home/alumnos/elenadr/swift/practicas/p1/.build/x86_64-unknown-linux-gnu/debug/chat_server.build/ClientCollection~partial.swiftmodule",
    "swift-dependencies": "/home/alumnos/elenadr/swift/practicas/p1/.build/x86_64-unknown-linux-gnu/debug/chat_server.build/ClientCollection.swiftdeps"
  },
  "/home/alumnos/elenadr/swift/practicas/p1/Sources/chat-server/ClientCollectionArray.swift": {
    "dependencies": "/home/alumnos/elenadr/swift/practicas/p1/.build/x86_64-unknown-linux-gnu/debug/chat_server.build/ClientCollectionArray.d",
    "object": "/home/alumnos/elenadr/swift/practicas/p1/.build/x86_64-unknown-linux-gnu/debug/chat_server.build/ClientCollectionArray.swift.o",
    "swiftmodule": "/home/alumnos/elenadr/swift/practicas/p1/.build/x86_64-unknown-linux-gnu/debug/chat_server.build/ClientCollectionArray~partial.swiftmodule",
    "swift-dependencies": "/home/alumnos/elenadr/swift/practicas/p1/.build/x86_64-unknown-linux-gnu/debug/chat_server.build/ClientCollectionArray.swiftdeps"
  },
  "/home/alumnos/elenadr/swift/practicas/p1/Sources/chat-server/main.swift": {
    "dependencies": "/home/alumnos/elenadr/swift/practicas/p1/.build/x86_64-unknown-linux-gnu/debug/chat_server.build/main.d",
    "object": "/home/alumnos/elenadr/swift/practicas/p1/.build/x86_64-unknown-linux-gnu/debug/chat_server.build/main.swift.o",
    "swiftmodule": "/home/alumnos/elenadr/swift/practicas/p1/.build/x86_64-unknown-linux-gnu/debug/chat_server.build/main~partial.swiftmodule",
    "swift-dependencies": "/home/alumnos/elenadr/swift/practicas/p1/.build/x86_64-unknown-linux-gnu/debug/chat_server.build/main.swiftdeps"
  }
}
