{
  "": {
    "swift-dependencies": "/home/alumnos/elenadr/swift/practicas/p2/.build/x86_64-unknown-linux-gnu/debug/ChatMessage.build/master.swiftdeps"
  },
  "/home/alumnos/elenadr/swift/practicas/p2/Sources/ChatMessage/ChatMessage.swift": {
    "dependencies": "/home/alumnos/elenadr/swift/practicas/p2/.build/x86_64-unknown-linux-gnu/debug/ChatMessage.build/ChatMessage.d",
    "object": "/home/alumnos/elenadr/swift/practicas/p2/.build/x86_64-unknown-linux-gnu/debug/ChatMessage.build/ChatMessage.swift.o",
    "swiftmodule": "/home/alumnos/elenadr/swift/practicas/p2/.build/x86_64-unknown-linux-gnu/debug/ChatMessage.build/ChatMessage~partial.swiftmodule",
    "swift-dependencies": "/home/alumnos/elenadr/swift/practicas/p2/.build/x86_64-unknown-linux-gnu/debug/ChatMessage.build/ChatMessage.swiftdeps"
  },
  "/home/alumnos/elenadr/swift/practicas/p2/Sources/ChatMessage/DatagramReader.swift": {
    "dependencies": "/home/alumnos/elenadr/swift/practicas/p2/.build/x86_64-unknown-linux-gnu/debug/ChatMessage.build/DatagramReader.d",
    "object": "/home/alumnos/elenadr/swift/practicas/p2/.build/x86_64-unknown-linux-gnu/debug/ChatMessage.build/DatagramReader.swift.o",
    "swiftmodule": "/home/alumnos/elenadr/swift/practicas/p2/.build/x86_64-unknown-linux-gnu/debug/ChatMessage.build/DatagramReader~partial.swiftmodule",
    "swift-dependencies": "/home/alumnos/elenadr/swift/practicas/p2/.build/x86_64-unknown-linux-gnu/debug/ChatMessage.build/DatagramReader.swiftdeps"
  }
}
