{
  "": {
    "swift-dependencies": "/home/alumnos/elenadr/swift/practicas/ej3/.build/x86_64-unknown-linux-gnu/debug/LinkedList.build/master.swiftdeps"
  },
  "/home/alumnos/elenadr/swift/practicas/ej3/Sources/LinkedList/LinkedList.swift": {
    "dependencies": "/home/alumnos/elenadr/swift/practicas/ej3/.build/x86_64-unknown-linux-gnu/debug/LinkedList.build/LinkedList.d",
    "object": "/home/alumnos/elenadr/swift/practicas/ej3/.build/x86_64-unknown-linux-gnu/debug/LinkedList.build/LinkedList.swift.o",
    "swiftmodule": "/home/alumnos/elenadr/swift/practicas/ej3/.build/x86_64-unknown-linux-gnu/debug/LinkedList.build/LinkedList~partial.swiftmodule",
    "swift-dependencies": "/home/alumnos/elenadr/swift/practicas/ej3/.build/x86_64-unknown-linux-gnu/debug/LinkedList.build/LinkedList.swiftdeps"
  },
  "/home/alumnos/elenadr/swift/practicas/ej3/Sources/LinkedList/LinkedListNode.swift": {
    "dependencies": "/home/alumnos/elenadr/swift/practicas/ej3/.build/x86_64-unknown-linux-gnu/debug/LinkedList.build/LinkedListNode.d",
    "object": "/home/alumnos/elenadr/swift/practicas/ej3/.build/x86_64-unknown-linux-gnu/debug/LinkedList.build/LinkedListNode.swift.o",
    "swiftmodule": "/home/alumnos/elenadr/swift/practicas/ej3/.build/x86_64-unknown-linux-gnu/debug/LinkedList.build/LinkedListNode~partial.swiftmodule",
    "swift-dependencies": "/home/alumnos/elenadr/swift/practicas/ej3/.build/x86_64-unknown-linux-gnu/debug/LinkedList.build/LinkedListNode.swiftdeps"
  }
}
