{
  "": {
    "swift-dependencies": "/home/alumnos/elenadr/swift/practicas/ej1/.build/x86_64-unknown-linux-gnu/debug/Collections.build/master.swiftdeps"
  },
  "/home/alumnos/elenadr/swift/practicas/ej1/Sources/Collections/ArrayQueue.swift": {
    "dependencies": "/home/alumnos/elenadr/swift/practicas/ej1/.build/x86_64-unknown-linux-gnu/debug/Collections.build/ArrayQueue.d",
    "object": "/home/alumnos/elenadr/swift/practicas/ej1/.build/x86_64-unknown-linux-gnu/debug/Collections.build/ArrayQueue.swift.o",
    "swiftmodule": "/home/alumnos/elenadr/swift/practicas/ej1/.build/x86_64-unknown-linux-gnu/debug/Collections.build/ArrayQueue~partial.swiftmodule",
    "swift-dependencies": "/home/alumnos/elenadr/swift/practicas/ej1/.build/x86_64-unknown-linux-gnu/debug/Collections.build/ArrayQueue.swiftdeps"
  },
  "/home/alumnos/elenadr/swift/practicas/ej1/Sources/Collections/ArrayStack.swift": {
    "dependencies": "/home/alumnos/elenadr/swift/practicas/ej1/.build/x86_64-unknown-linux-gnu/debug/Collections.build/ArrayStack.d",
    "object": "/home/alumnos/elenadr/swift/practicas/ej1/.build/x86_64-unknown-linux-gnu/debug/Collections.build/ArrayStack.swift.o",
    "swiftmodule": "/home/alumnos/elenadr/swift/practicas/ej1/.build/x86_64-unknown-linux-gnu/debug/Collections.build/ArrayStack~partial.swiftmodule",
    "swift-dependencies": "/home/alumnos/elenadr/swift/practicas/ej1/.build/x86_64-unknown-linux-gnu/debug/Collections.build/ArrayStack.swiftdeps"
  },
  "/home/alumnos/elenadr/swift/practicas/ej1/Sources/Collections/Queue.swift": {
    "dependencies": "/home/alumnos/elenadr/swift/practicas/ej1/.build/x86_64-unknown-linux-gnu/debug/Collections.build/Queue.d",
    "object": "/home/alumnos/elenadr/swift/practicas/ej1/.build/x86_64-unknown-linux-gnu/debug/Collections.build/Queue.swift.o",
    "swiftmodule": "/home/alumnos/elenadr/swift/practicas/ej1/.build/x86_64-unknown-linux-gnu/debug/Collections.build/Queue~partial.swiftmodule",
    "swift-dependencies": "/home/alumnos/elenadr/swift/practicas/ej1/.build/x86_64-unknown-linux-gnu/debug/Collections.build/Queue.swiftdeps"
  },
  "/home/alumnos/elenadr/swift/practicas/ej1/Sources/Collections/Stack.swift": {
    "dependencies": "/home/alumnos/elenadr/swift/practicas/ej1/.build/x86_64-unknown-linux-gnu/debug/Collections.build/Stack.d",
    "object": "/home/alumnos/elenadr/swift/practicas/ej1/.build/x86_64-unknown-linux-gnu/debug/Collections.build/Stack.swift.o",
    "swiftmodule": "/home/alumnos/elenadr/swift/practicas/ej1/.build/x86_64-unknown-linux-gnu/debug/Collections.build/Stack~partial.swiftmodule",
    "swift-dependencies": "/home/alumnos/elenadr/swift/practicas/ej1/.build/x86_64-unknown-linux-gnu/debug/Collections.build/Stack.swiftdeps"
  }
}
