{
  "": {
    "swift-dependencies": "/home/alumnos/elenadr/swift/practicas/p2/.build/x86_64-unknown-linux-gnu/debug/StackTestBench.build/master.swiftdeps"
  },
  "/home/alumnos/elenadr/swift/practicas/p2/Sources/StackTestBench/main.swift": {
    "dependencies": "/home/alumnos/elenadr/swift/practicas/p2/.build/x86_64-unknown-linux-gnu/debug/StackTestBench.build/main.d",
    "object": "/home/alumnos/elenadr/swift/practicas/p2/.build/x86_64-unknown-linux-gnu/debug/StackTestBench.build/main.swift.o",
    "swiftmodule": "/home/alumnos/elenadr/swift/practicas/p2/.build/x86_64-unknown-linux-gnu/debug/StackTestBench.build/main~partial.swiftmodule",
    "swift-dependencies": "/home/alumnos/elenadr/swift/practicas/p2/.build/x86_64-unknown-linux-gnu/debug/StackTestBench.build/main.swiftdeps"
  }
}
